{
  "api": {
    "subkitz": {
      "dependsOn": [],
      "output": {
        "authConfig": {
          "additionalAuthenticationProviders": [],
          "defaultAuthentication": {
            "apiKeyConfig": {
              "apiKeyExpirationDays": 7
            },
            "authenticationType": "API_KEY"
          }
        }
      },
      "providerPlugin": "awscloudformation",
      "service": "AppSync"
    }
  },
  "auth": {
    "subkitz9b81fee1": {
      "customAuth": false,
      "dependsOn": [],
      "frontendAuthConfig": {
        "mfaConfiguration": "OFF",
        "mfaTypes": [
          "SMS"
        ],
        "passwordProtectionSettings": {
          "passwordPolicyCharacters": [],
          "passwordPolicyMinLength": 8
        },
        "signupAttributes": [
          "EMAIL"
        ],
        "socialProviders": [],
        "usernameAttributes": [
          "EMAIL"
        ],
        "verificationMechanisms": [
          "EMAIL"
        ]
      },
      "providerPlugin": "awscloudformation",
      "service": "Cognito"
    }
  },
  "function": {
    "S3Triggerbe6769e7": {
      "build": true,
      "providerPlugin": "awscloudformation",
      "service": "Lambda"
    }
  },
  "parameters": {
    "AMPLIFY_function_S3Triggerbe6769e7_deploymentBucketName": {
      "usedBy": [
        {
          "category": "function",
          "resourceName": "S3Triggerbe6769e7"
        }
      ]
    },
    "AMPLIFY_function_S3Triggerbe6769e7_s3Key": {
      "usedBy": [
        {
          "category": "function",
          "resourceName": "S3Triggerbe6769e7"
        }
      ]
    }
  },
  "storage": {
    "subkitzresources": {
      "dependsOn": [
        {
          "attributes": [
            "Name",
            "Arn",
            "LambdaExecutionRole"
          ],
          "category": "function",
          "resourceName": "S3Triggerbe6769e7"
        }
      ],
      "providerPlugin": "awscloudformation",
      "service": "S3"
    }
  }
}